{"cameraMode":{"drawMode":0,"name":"Shaded","section":"Shading Mode"},"sceneLighting":true,"audioPlay":false,"sceneViewState":{"showFog":true,"showMaterialUpdate":false,"showSkybox":true,"showFlares":true,"showImageEffects":true,"showParticleSystems":true},"in2DMode":false,"pivot":{"x":943.7577514648438,"y":549.80322265625,"z":-34.43443298339844},"rotation":{"x":-0.006305626127868891,"y":0.03508945554494858,"z":-0.00022585706028621644,"w":-0.9993761777877808},"size":1094.4229736328125,"orthographic":false}