{"cameraMode":{"drawMode":0,"name":"Shaded","section":"Shading Mode"},"sceneLighting":false,"audioPlay":false,"sceneViewState":{"showFog":true,"showMaterialUpdate":false,"showSkybox":false,"showFlares":true,"showImageEffects":true,"showParticleSystems":true},"in2DMode":false,"pivot":{"x":62.654747009277347,"y":-62.18178939819336,"z":48.65289306640625},"rotation":{"x":-0.01374851819127798,"y":0.09345269948244095,"z":-0.001294875517487526,"w":-0.9955400228500366},"size":236.5355224609375,"orthographic":false}