{"cameraMode":{"drawMode":0,"name":"Shaded","section":"Shading Mode"},"sceneLighting":false,"audioPlay":false,"sceneViewState":{"showFog":true,"showMaterialUpdate":false,"showSkybox":false,"showFlares":true,"showImageEffects":true,"showParticleSystems":true},"in2DMode":false,"pivot":{"x":973.30078125,"y":695.4895629882813,"z":127.70904541015625},"rotation":{"x":-0.0003094388812314719,"y":0.024594945833086969,"z":-0.0000118472507892875,"w":-0.99970942735672},"size":858.0694580078125,"orthographic":false}