{"cameraMode":{"drawMode":0,"name":"Shaded","section":"Shading Mode"},"sceneLighting":true,"audioPlay":false,"sceneViewState":{"showFog":true,"showMaterialUpdate":false,"showSkybox":true,"showFlares":true,"showImageEffects":true,"showParticleSystems":true},"in2DMode":false,"pivot":{"x":-0.007785797119140625,"y":-0.656944751739502,"z":0.5495052337646484},"rotation":{"x":-0.1721758097410202,"y":0.46510565280914309,"z":-0.09271016716957092,"w":-0.8634309768676758},"size":33.46770477294922,"orthographic":false}