{"cameraMode":{"drawMode":0,"name":"Shaded","section":"Shading Mode"},"sceneLighting":true,"audioPlay":false,"sceneViewState":{"showFog":true,"showMaterialUpdate":false,"showSkybox":true,"showFlares":true,"showImageEffects":true,"showParticleSystems":true},"in2DMode":false,"pivot":{"x":4.9984283447265629,"y":-4.031789779663086,"z":-0.5063762664794922},"rotation":{"x":-0.09101207554340363,"y":-0.6361843943595886,"z":0.07593730837106705,"w":-0.7623888254165649},"size":40.56953048706055,"orthographic":false}